NaCl Concentration (M),Run,Equivalence Time (min),Equivalence pH,Half-Equivalence Time (min),Half-Equivalence pH (pKa)
0.0,0.0M - Latest,8.61666666667,9.80080556559,4.308333333335,5.144766289995
0.0,0.0M - Run 1,8.3,9.06478811133,4.15,5.38499834105
0.0,0.0M - Latest,9.35,9.44707688608,4.675,5.299764306835
0.5,0.5M - Latest,6.51666666667,8.82113479887,3.258333333335,5.065333525125
0.5,0.5M - Run 1,8.16666666667,9.12131329982,4.083333333335,5.061912263711071
0.8,0.8M - Run 2,7.08333333333,8.97405030877,3.541666666665,4.90438548844
0.8,0.8M - Run 3,9.08333333333,9.24566871448,4.541666666665,4.970281958175001
0.8,0.8M - Run 1,6.45,8.73099199829,3.225,5.08511734109
1.0,1.0M - Latest,9.23333333333,9.42565681465,4.616666666665,4.953621902619643
