NaCl Concentration (M),Run,Equivalence Time (min),Equivalence pH,Half-Equivalence Time (min),Half-Equivalence pH (pKa)
0.0,0.0M - Run 1,8.35,9.427441012909389,4.175,5.39043224378351
0.0,0.0M - Latest,8.6,9.614150481650041,4.3,5.142585109643841
0.0,0.0M - Latest,9.36666666667,9.655122695186739,4.683333333335,5.3019048332029
0.5,0.5M - Run 1,8.18333333333,9.286070695354974,4.091666666665,5.0641431173061475
0.5,0.5M - Latest,6.55,9.288746588890819,3.275,5.070921159139894
0.8,0.8M - Run 3,9.08333333333,9.244093439994248,4.541666666665,4.969638359872138
0.8,0.8M - Run 1,6.48333333333,9.153772138818528,3.241666666665,5.091454919916162
0.8,0.8M - Run 2,7.1,9.268722752897668,3.55,4.905625434882039
1.0,1.0M - Latest,9.23333333333,9.424408118178992,4.616666666665,4.9555210627976285
