NaCl Concentration (M),Mean Apparent pKa,Uncertainty,n
0.0,5.32359123752456,0.02434596341021411,3
0.2,5.253654143067455,0.014586741401549475,3
0.4,5.2103177145435104,0.020600111783116493,3
0.6,5.118052118327722,0.00894173256231312,3
0.8,5.102201140452827,0.019136150026212384,3
1.0,5.035500998347902,0.04337789604966735,3
