NaCl Concentration (M),Mean pKa,SD,n,SEM
0.0,5.357917582481628,0.14707001782629162,4,0.07353500891314581
0.5,5.063622894418035,0.0024191971460004904,2,0.001710630706964089
0.8,4.986594929235,0.0914635742204438,3,0.05280651919721854
1.0,5.394866435158345,0.142898603782442,2,0.10104457175665436
