NaCl Concentration (M),Mean pKa,Uncertainty,n
0.0,5.30872689438975,0.023006645588711017,3
0.2,5.240266924989778,0.016297495448009958,3
0.4,5.218711980080295,0.02480618905371257,3
0.5,5.186153301247937,0.017628932047929702,3
0.6,5.129200504738656,0.0085253001762009,3
0.8,5.096326798665614,0.01585937426485584,3
1.0,5.036969073915823,0.0660822759875277,3
