NaCl Concentration (M),Mean pKa,SD,n,SEM
0.0,5.320388716870921,0.09376818647417726,5,0.041934407816627335
0.5,5.1570902012790025,0.05994825726675889,2,0.042389819233640935
0.8,5.047998981422862,0.011461769534709561,3,0.006617455726254017
1.0,5.118439067588123,,1,
