NaCl Concentration (M),Mean pKa,Uncertainty,n
0.0,5.309691699459019,0.028484226611250385,3
0.2,5.240266924989778,0.016297495448009958,3
0.4,5.2129315641681595,0.030851104268851515,3
0.5,5.186153301247937,0.017628932047929702,3
0.6,5.129200504738656,0.0085253001762009,3
0.8,5.044930823429517,0.048075101138284726,3
1.0,4.994650800695632,0.05541889311757808,3
