NaCl Concentration (M),Mean pKa,SD,n,SEM
0.0,5.271596741852743,0.019525710931738716,3,0.011273174462558166
0.2,5.207384943725104,0.030378123552487958,2,0.021480577163687006
0.4,4.936719308162292,0.1462128869299579,2,0.10338812384503515
0.8,5.067882556152951,0.02315956515251571,3,0.013371181175119621
1.0,5.110418101450475,,1,
