NaCl Concentration (M),Mean pKa,SD,n,SEM
0.0,5.268408375354873,0.0183114359632339,3,0.010572112482621687
0.5,5.1570902012790025,0.05994825726675889,2,0.042389819233640935
0.8,5.047998981422862,0.011461769534709119,3,0.006617455726253762
1.0,5.118439067588123,,1,
