NaCl Concentration (M),Mean pKa,SD,n,SEM
0.0,6.6185298508575,0.2381287892231295,4,0.11906439461156475
0.5,6.17516097585,0.10644467424523704,2,0.07526775098000016
0.8,6.1109999285733325,0.13513958684590183,3,0.07802287684365623
1.0,6.43795503934,0.053088614914719987,2,0.03753931960999979
