NaCl Concentration (M),Mean pKa,SD,n
0.0,5.29049474864113,0.03017175479830361,3
0.2,5.237825562224979,0.03091745298314187,3
0.4,5.197837491135577,0.0037455752249962193,3
0.5,5.171834398117805,0.006046824596281756,3
0.6,5.12704713904273,0.006103033536355254,3
0.8,5.074970662628092,0.013788112740753455,3
1.0,4.875439915615614,0.09165658926169416,3
