NaCl Concentration (M),Mean Apparent pKa,Uncertainty,n
0.0,5.326362837549406,0.02913430317697774,3
0.2,5.251055494563459,0.013052103293879735,3
0.4,5.208412883341572,0.020454277825846745,3
0.6,5.117257421746383,0.009292151036511154,3
0.8,5.104634563860483,0.018795522545512533,3
1.0,5.0315558760418115,0.04317092107612108,3
