NaCl Concentration (M),Mean Apparent pKa,Uncertainty,n
0.0,5.30872689438975,0.023006645588711,3
0.2,5.240266924989779,0.0162974954480099,3
0.4,5.218711980080295,0.0248061890537125,3
0.6,5.129200504738656,0.0085253001762009,3
0.8,5.096326798665614,0.0158593742648558,3
1.0,5.036969073915823,0.0660822759875277,3
