NaCl Concentration (M),Mean pKa,Uncertainty,n
0.0,5.29084038768031,0.012148646363514537,3
0.2,5.240266924989778,0.012159826797362014,3
0.4,5.215282515793407,0.013766975305084195,3
0.5,5.179990617084423,0.012148646363514537,3
0.6,5.129200504738656,0.01459299247878191,3
0.8,5.045075934722763,0.012148646363514537,3
1.0,4.918750801797608,0.012148646363514537,3
