NaCl Concentration (M),Mean pKa,SD,n,SEM
0.0,5.271596741852766,0.01952571093173923,3,0.011273174462558462
0.2,5.207384943725126,0.030378123552487958,2,0.021480577163687006
0.4,4.866568194397315,0.15953883677526684,3,0.09210979035840008
0.6,4.69300277775819,0.00782330361218252,2,0.0055319110354554715
0.8,4.992381366411287,0.15218178465793858,4,0.07609089232896929
1.0,4.765290524668284,0.016901152087973173,2,0.011950919251271007
