NaCl Concentration (M),Mean pKa,SD,n,SEM
0.0,5.268408375354889,0.018311435963234115,3,0.01057211248262181
0.2,4.979360101423906,0.3474288048632273,2,0.24566926389832577
0.5,5.1570902012790185,0.05994825726676015,2,0.04238981923364182
0.8,5.047998981422879,0.011461769534710446,3,0.006617455726254528
1.0,5.11843906758814,,1,
