NaCl Concentration (M),Mean pKa,SD,n,SEM
0.0,5.27650964596,0.12179262714890178,3,0.07031700606973017
0.5,5.063622894418035,0.0024191971460008044,2,0.001710630706964311
0.8,4.986594929235,0.09146357422044399,3,0.052806519197218654
1.0,4.953621902619643,,1,
