NaCl Concentration (M),Mean pKa,SD,n,SEM
0.0,5.278307395543417,0.12559729206229586,3,0.07251363038165456
0.5,5.0675321382230205,0.004792799343808821,2,0.0033890209168736525
0.8,4.988906238223446,0.09440120618473254,3,0.054502561802580694
1.0,4.9555210627976285,,1,
