NaCl Concentration (M),Mean pKa,SD,n,SEM
0.0,6.492098699346666,0.16465983395385522,3,0.0950663994579774
0.5,6.17516097585,0.10644467424523799,2,0.07526775098000082
0.8,6.1109999285733325,0.13513958684590133,3,0.07802287684365594
1.0,6.43630024649,0.052287029541607716,4,0.026143514770803858
