NaCl Concentration (M),Mean pKa,SD,n,SEM
0.0,5.268408375354889,0.018311435963234115,3,0.01057211248262181
0.2,5.206648852109044,0.025993971069468675,2,0.018380513213188232
0.5,5.1570902012790185,0.05994825726676015,2,0.04238981923364182
0.8,5.047998981422879,0.011461769534710446,3,0.006617455726254528
1.0,5.11843906758814,,1,
