NaCl Concentration (M),Mean pKa,SD,n,SEM
0.0,5.27650964596,0.12179262714890221,3,0.07031700606973042
0.5,5.063622894418035,0.0024191971460014324,2,0.001710630706964755
0.8,4.986594929235,0.0914635742204438,3,0.05280651919721854
1.0,4.953621902619643,,1,
